{
  "control": "WebReports.Controls.Report",
  "title": "Пример работы forEach.",
  "dataSources": [ ],
  "dataParameters": [ ],
  "reportViews": [{
      "condition": {
        "parametersNames": [ "device" ],
        "expression": "params.device == 'Desktop'"
      },
      "report": {
        "control": "WebReports.Controls.ReportView",
        "name": "ReportId",
        "dataParameters": [{
          "client": {"expression": "return $.value == $.row.get('year');"},
          "control": "WebReports.Controls.Data.Parameter",
          "name": "paramYear",
          "title": "Год",
          "type": "int",
          "required": true,
          "external": false,
          "defaultValue": 2011
        }],
        "sections": [{
            "control": "WebReports.Controls.Section",
            "name": "mapCustomControl1",
            "parametersContainer": {
              "control": "WebReports.Controls.ParametersContainer",
              "float": "top",
              "parametersNames": ["paramYearVisual"],
              "parameters": [{
                "control": "WebReports.Controls.Parameters.List",
                "name": "paramYearVisual",
                "title": "Год",
                "dataSourceRef": {
                  "uuid": "FixedYearData",
                  "version": "1"
                },
                "dataParameterName": "paramYear",
                "displayField": "name",
                "valueField": "year",
                "multiSelect": false,
                "width": 400
              }]
            },
          "content": {
            "control": "WebReports.Controls.Primer.PrimerRefreshText",
            "title": {
              "control": "WebReports.Controls.Text.HandlebarsText",
              "text": "__Данные за {{report.parameters.paramYear}} год__",
              "markup": {
                "control": "WebReports.Controls.Text.Markup.MarkedProcessor"
              },
              "template": {
                "control": "WebReports.Controls.Text.Templaters.HandlebarsTemplate"
              }
            },

            "dataSourceRef": {
              "uuid": "FixedMapData",
              "version": "1",
              "name": "FixedMapData"
            }
            }
          }
        ],
        "layout": {
          "control": "WebReports.Controls.ReportLayout",
          "rows": [
            {
              "fluid": "true",
              "cells": [
                {
                  "span": 12,
                  "sectionName": "mapCustomControl1"
                }
              ]
            }
          ]
        },
        "dataSources": [{
          "control": "WebReports.Controls.Data.FixedDataSource",
          "uuid": "FixedMapData",
          "name": "FixedMapData",
          "version": "1",
          "parameters":["paramYear"],
          "fixedData": [
            [2011],
            [2012],
            [2013]
          ],
          "columns": [{
              "name":"year",
              "type":"int"
            }]
        }, {
          "control": "WebReports.Controls.Data.FixedDataSource",
          "uuid": "FixedYearData",
          "name": "FixedYearData",
          "version": "1",
          "parameters": [],
          "fixedData": [
            ["2011", 2011],
            ["2012", 2012],
            ["2013", 2013]
          ],
          "columns": [{
            "name": "name",
            "type": "string"
          }, {
            "name": "year",
            "type": "int"
          }]
        }],
        "resources": [{
          "uuid": "PrimerforEach_uuid_1",
          "version": "1",
          "filePath": "CompiledScripts/customControls/Primer/PrimerRefreshText.js",
          "mimeType": "application/javascript"
        }]
      }
  }]
}
